{
  "val": {
    "precision_micro": 0.6252596593267032,
    "recall_micro": 0.6278681685437514,
    "f1_micro": 0.626561198500574,
    "precision_macro": 0.3352961082032059,
    "recall_macro": 0.48001692029726933,
    "f1_macro": 0.37687051775977615
  },
  "test": {
    "precision_micro": 0.6839485690581982,
    "recall_micro": 0.5759692630106267,
    "f1_micro": 0.6253318159615316,
    "precision_macro": 0.3773096445626556,
    "recall_macro": 0.4870727578775375,
    "f1_macro": 0.4063943272594388
  }
}