{
  "val": {
    "precision_micro": 0.9380692167560327,
    "recall_micro": 0.9115044247771478,
    "f1_micro": 0.924596049767743,
    "precision_macro": 0.6434782607390062,
    "recall_macro": 0.67950310541441,
    "f1_macro": 0.6474415848677807
  },
  "test": {
    "precision_micro": 0.9307832422569567,
    "recall_micro": 0.9190647481997859,
    "f1_micro": 0.9248868773264004,
    "precision_macro": 0.6347826085686957,
    "recall_macro": 0.6645962731291926,
    "f1_macro": 0.6397515523414079
  }
}